,Gender,Married,Dependents,Education,Self_Employed,ApplicantIncome,CoapplicantIncome,LoanAmount,Loan_Amount_Term,Credit_History,Property_Area,Loan_Status
0,1.0,0.0,0.0,1.0,0.0,5849.0,0.0,138.0,360.0,1.0,2.0,1.0
1,1.0,1.0,1.0,1.0,0.0,4583.0,1508.0,128.0,360.0,1.0,0.0,0.0
2,1.0,1.0,0.0,1.0,1.0,3000.0,0.0,66.0,360.0,1.0,2.0,1.0
3,1.0,1.0,0.0,0.0,0.0,2583.0,2358.0,120.0,360.0,1.0,2.0,1.0
4,1.0,0.0,0.0,1.0,0.0,6000.0,0.0,141.0,360.0,1.0,2.0,1.0
5,1.0,1.0,2.0,1.0,1.0,5417.0,4196.0,267.0,360.0,1.0,2.0,1.0
6,1.0,1.0,0.0,0.0,0.0,2333.0,1516.0,95.0,360.0,1.0,2.0,1.0
7,1.0,1.0,3.0,1.0,0.0,3036.0,2504.0,158.0,360.0,0.0,1.0,0.0
8,1.0,1.0,2.0,1.0,0.0,4006.0,1526.0,168.0,360.0,1.0,2.0,1.0
9,1.0,1.0,1.0,1.0,0.0,12841.0,10968.0,349.0,360.0,1.0,1.0,0.0
10,1.0,1.0,2.0,1.0,0.0,3200.0,700.0,70.0,360.0,1.0,2.0,1.0
11,1.0,1.0,2.0,1.0,0.0,2500.0,1840.0,109.0,360.0,1.0,2.0,1.0
12,1.0,1.0,2.0,1.0,0.0,3073.0,8106.0,200.0,360.0,1.0,2.0,1.0
13,1.0,0.0,0.0,1.0,0.0,1853.0,2840.0,114.0,360.0,1.0,0.0,0.0
14,1.0,1.0,2.0,1.0,0.0,1299.0,1086.0,17.0,120.0,1.0,2.0,1.0
15,1.0,0.0,0.0,1.0,0.0,4950.0,0.0,125.0,360.0,1.0,2.0,1.0
16,1.0,0.0,1.0,0.0,0.0,3596.0,0.0,100.0,240.0,1.0,2.0,1.0
17,0.0,0.0,0.0,1.0,0.0,3510.0,0.0,76.0,360.0,0.0,2.0,0.0
18,1.0,1.0,0.0,0.0,0.0,4887.0,0.0,133.0,360.0,1.0,0.0,0.0
19,1.0,1.0,0.0,1.0,0.3333333333333333,2600.0,3500.0,115.0,300.0,1.0,2.0,1.0
20,1.0,1.0,0.0,0.0,0.0,7660.0,0.0,104.0,360.0,0.0,2.0,0.0
21,1.0,1.0,1.0,1.0,0.0,5955.0,5625.0,315.0,360.0,1.0,2.0,1.0
22,1.0,1.0,0.0,0.0,0.0,2600.0,1911.0,116.0,360.0,0.0,1.0,0.0
23,1.0,1.0,2.0,0.0,0.0,3365.0,1917.0,112.0,360.0,0.0,0.0,0.0
24,1.0,1.0,1.0,1.0,0.0,3717.0,2925.0,151.0,360.0,1.0,1.0,0.0
25,1.0,1.0,0.0,1.0,1.0,9560.0,0.0,191.0,360.0,1.0,1.0,1.0
26,1.0,1.0,0.0,1.0,0.0,2799.0,2253.0,122.0,360.0,1.0,1.0,1.0
27,1.0,1.0,2.0,0.0,0.0,4226.0,1040.0,110.0,360.0,1.0,2.0,1.0
28,1.0,0.0,0.0,0.0,0.0,1442.0,0.0,35.0,360.0,1.0,2.0,0.0
29,0.0,0.0,2.0,1.0,0.3333333333333333,3750.0,2083.0,120.0,360.0,1.0,1.0,1.0
30,1.0,1.0,1.0,1.0,0.0,4166.0,3369.0,201.0,360.0,1.0,2.0,0.0
31,1.0,0.0,0.0,1.0,0.0,3167.0,0.0,74.0,360.0,1.0,2.0,0.0
32,1.0,0.0,1.0,1.0,1.0,4692.0,0.0,106.0,360.0,1.0,0.0,0.0
33,1.0,1.0,0.0,1.0,0.0,3500.0,1667.0,114.0,360.0,1.0,1.0,1.0
34,1.0,0.0,3.0,1.0,0.0,12500.0,3000.0,320.0,360.0,1.0,0.0,0.0
35,1.0,1.0,0.0,1.0,0.0,2275.0,2067.0,94.33333333333333,360.0,1.0,2.0,1.0
36,1.0,1.0,0.0,1.0,0.0,1828.0,1330.0,100.0,320.0,0.0,2.0,0.0
37,0.0,1.0,0.0,1.0,0.0,3667.0,1459.0,144.0,360.0,1.0,1.0,1.0
38,1.0,0.0,0.0,1.0,0.0,4166.0,7210.0,184.0,360.0,1.0,2.0,1.0
39,1.0,0.0,0.0,0.0,0.0,3748.0,1668.0,110.0,360.0,1.0,1.0,1.0
40,1.0,0.0,0.0,1.0,0.0,3600.0,0.0,80.0,360.0,1.0,2.0,0.0
41,1.0,0.0,0.0,1.0,0.0,1800.0,1213.0,47.0,360.0,1.0,2.0,1.0
42,1.0,1.0,0.0,1.0,0.0,2400.0,0.0,75.0,360.0,1.0,2.0,1.0
43,1.0,1.0,0.0,1.0,0.0,3941.0,2336.0,134.0,360.0,1.0,1.0,1.0
44,1.0,1.0,0.0,0.0,1.0,4695.0,0.0,96.0,360.0,1.0,2.0,1.0
45,0.0,0.0,0.0,1.0,0.0,3410.0,0.0,88.0,360.0,1.0,2.0,1.0
46,1.0,1.0,1.0,1.0,0.0,5649.0,0.0,44.0,360.0,1.0,2.0,1.0
47,1.0,1.0,0.0,1.0,0.0,5821.0,0.0,144.0,360.0,1.0,2.0,1.0
48,0.0,1.0,0.0,1.0,0.0,2645.0,3440.0,120.0,360.0,0.0,2.0,0.0
49,0.0,0.0,0.0,1.0,0.0,4000.0,2275.0,144.0,360.0,1.0,1.0,1.0
50,0.0,1.0,0.0,0.0,0.0,1928.0,1644.0,100.0,360.0,1.0,1.0,1.0
51,0.0,0.0,0.0,1.0,0.0,3086.0,0.0,120.0,360.0,1.0,1.0,1.0
52,0.0,0.0,0.0,1.0,0.0,4230.0,0.0,112.0,360.0,1.0,1.0,0.0
53,1.0,1.0,2.0,1.0,0.0,4616.0,0.0,134.0,360.0,1.0,2.0,0.0
54,0.0,1.0,1.0,1.0,1.0,11500.0,0.0,286.0,360.0,0.0,2.0,0.0
55,1.0,1.0,2.0,1.0,0.0,2708.0,1167.0,97.0,360.0,1.0,1.0,1.0
56,1.0,1.0,0.0,1.0,0.0,2132.0,1591.0,96.0,360.0,1.0,1.0,1.0
57,1.0,1.0,0.0,1.0,0.0,3366.0,2200.0,135.0,360.0,1.0,0.0,0.0
58,1.0,1.0,1.0,1.0,0.0,8080.0,2250.0,180.0,360.0,1.0,2.0,1.0
59,1.0,1.0,2.0,0.0,0.0,3357.0,2859.0,144.0,360.0,1.0,2.0,1.0
60,1.0,1.0,0.0,1.0,0.0,2500.0,3796.0,120.0,360.0,1.0,2.0,1.0
61,1.0,1.0,3.0,1.0,0.0,3029.0,0.0,99.0,360.0,1.0,2.0,1.0
62,1.0,1.0,0.0,0.0,1.0,2609.0,3449.0,165.0,180.0,0.0,0.0,0.0
63,1.0,1.0,1.0,1.0,0.0,4945.0,0.0,126.0,360.0,0.0,0.0,0.0
64,0.0,0.0,0.0,1.0,0.0,4166.0,0.0,116.0,360.0,0.0,1.0,0.0
65,1.0,1.0,0.0,1.0,0.0,5726.0,4595.0,258.0,360.0,1.0,1.0,0.0
66,1.0,0.0,0.0,0.0,0.0,3200.0,2254.0,126.0,180.0,0.0,2.0,0.0
67,1.0,1.0,1.0,1.0,0.0,10750.0,0.0,312.0,360.0,1.0,2.0,1.0
68,1.0,1.0,3.0,0.0,1.0,7100.0,0.0,125.0,60.0,1.0,2.0,1.0
69,0.0,0.0,0.0,1.0,0.0,4300.0,0.0,136.0,360.0,0.0,1.0,0.0
70,1.0,1.0,0.0,1.0,0.0,3208.0,3066.0,172.0,360.0,1.0,2.0,1.0
71,1.0,1.0,2.0,0.0,1.0,1875.0,1875.0,97.0,360.0,1.0,1.0,1.0
72,1.0,0.0,0.0,1.0,0.0,3500.0,0.0,81.0,300.0,1.0,1.0,1.0
73,1.0,1.0,3.0,0.0,0.0,4755.0,0.0,95.0,360.0,0.0,1.0,0.0
74,1.0,1.0,3.0,1.0,1.0,5266.0,1774.0,187.0,360.0,1.0,1.0,1.0
75,1.0,0.0,0.0,1.0,0.0,3750.0,0.0,113.0,480.0,1.0,2.0,0.0
76,1.0,0.0,0.0,1.0,0.0,3750.0,4750.0,176.0,360.0,1.0,2.0,0.0
77,1.0,1.0,1.0,1.0,1.0,1000.0,3022.0,110.0,360.0,1.0,2.0,0.0
78,1.0,1.0,3.0,1.0,0.0,3167.0,4000.0,180.0,300.0,0.0,1.0,0.0
79,1.0,1.0,3.0,0.0,1.0,3333.0,2166.0,130.0,360.0,1.0,1.0,1.0
80,0.0,0.0,0.0,1.0,0.0,3846.0,0.0,111.0,360.0,1.0,1.0,1.0
81,1.0,1.0,1.0,1.0,1.0,2395.0,0.0,43.333333333333336,360.0,1.0,1.0,1.0
82,0.0,1.0,2.0,1.0,0.0,1378.0,1881.0,167.0,360.0,1.0,2.0,0.0
83,1.0,1.0,0.0,1.0,0.0,6000.0,2250.0,265.0,360.0,1.0,1.0,0.0
84,1.0,1.0,1.0,1.0,0.0,3988.0,0.0,50.0,240.0,1.0,2.0,1.0
85,1.0,0.0,0.0,1.0,0.0,2366.0,2531.0,136.0,360.0,1.0,1.0,1.0
86,1.0,1.0,2.0,0.0,0.0,3333.0,2000.0,99.0,360.0,0.3333333333333333,1.0,1.0
87,1.0,1.0,0.0,1.0,0.0,2500.0,2118.0,104.0,360.0,1.0,1.0,1.0
88,1.0,0.0,0.0,1.0,0.0,8566.0,0.0,210.0,360.0,1.0,2.0,1.0
89,1.0,1.0,0.0,1.0,0.0,5695.0,4167.0,175.0,360.0,1.0,1.0,1.0
90,1.0,1.0,0.0,1.0,0.0,2958.0,2900.0,131.0,360.0,1.0,1.0,1.0
91,1.0,1.0,2.0,1.0,0.0,6250.0,5654.0,188.0,180.0,1.0,1.0,1.0
92,1.0,1.0,2.0,0.0,0.0,3273.0,1820.0,81.0,360.0,1.0,2.0,1.0
93,1.0,0.0,0.0,1.0,0.0,4133.0,0.0,122.0,360.0,1.0,1.0,1.0
94,1.0,0.0,0.0,0.0,0.0,3620.0,0.0,25.0,120.0,1.0,1.0,1.0
95,1.0,0.0,0.0,1.0,0.3333333333333333,6782.0,0.0,154.33333333333334,360.0,1.0,2.0,0.0
96,0.0,1.0,0.0,1.0,0.0,2484.0,2302.0,137.0,360.0,1.0,1.0,1.0
97,1.0,1.0,0.0,1.0,0.0,1977.0,997.0,50.0,360.0,1.0,1.0,1.0
98,1.0,1.0,0.0,0.0,0.0,4188.0,0.0,115.0,180.0,1.0,1.0,1.0
99,1.0,1.0,0.0,1.0,0.0,1759.0,3541.0,131.0,360.0,1.0,1.0,1.0
100,1.0,1.0,2.0,0.0,0.0,4288.0,3263.0,133.0,180.0,1.0,2.0,1.0
101,1.0,0.0,0.0,1.0,0.0,4843.0,3806.0,151.0,360.0,1.0,1.0,1.0
102,1.0,1.0,0.3333333333333333,1.0,0.0,13650.0,0.0,293.6666666666667,360.0,1.0,2.0,1.0
103,1.0,1.0,0.0,1.0,0.0,4652.0,3583.0,179.33333333333334,360.0,1.0,1.0,1.0
104,1.0,1.0,1.3333333333333333,1.0,0.0,3816.0,754.0,160.0,360.0,1.0,2.0,1.0
105,1.0,1.0,1.0,1.0,0.0,3052.0,1030.0,100.0,360.0,1.0,2.0,1.0
106,1.0,1.0,2.0,1.0,0.0,11417.0,1126.0,225.0,360.0,1.0,2.0,1.0
107,1.0,0.0,0.0,0.0,0.6666666666666666,7333.0,0.0,120.0,360.0,1.0,0.0,0.0
108,1.0,1.0,2.0,1.0,0.0,3800.0,3600.0,216.0,360.0,0.0,2.0,0.0
109,1.0,1.0,3.0,0.0,0.0,2071.0,754.0,94.0,480.0,1.0,1.0,1.0
110,1.0,0.0,0.0,1.0,0.0,5316.0,0.0,136.0,360.0,1.0,2.0,1.0
111,0.0,1.0,0.0,1.0,0.0,2929.0,2333.0,139.0,360.0,1.0,1.0,1.0
112,1.0,1.0,0.0,0.0,0.0,3572.0,4114.0,152.0,300.0,0.0,0.0,0.0
113,0.0,0.0,1.0,1.0,1.0,7451.0,0.0,144.66666666666666,360.0,1.0,1.0,1.0
114,1.0,0.0,0.0,1.0,0.0,5050.0,0.0,118.0,360.0,1.0,1.0,1.0
115,1.0,1.0,1.0,1.0,0.0,14583.0,0.0,185.0,180.0,1.0,0.0,1.0
116,0.0,1.0,0.0,1.0,0.0,3167.0,2283.0,154.0,360.0,1.0,1.0,1.0
117,1.0,1.0,1.0,1.0,0.0,2214.0,1398.0,85.0,360.0,1.0,2.0,1.0
118,1.0,1.0,0.0,1.0,0.0,5568.0,2142.0,175.0,360.0,1.0,0.0,0.0
119,0.0,0.0,0.0,1.0,0.0,10408.0,0.0,259.0,360.0,1.0,2.0,1.0
120,1.0,1.0,0.0,1.0,0.0,5667.0,2667.0,180.0,360.0,1.0,0.0,1.0
121,0.0,0.0,0.0,1.0,0.0,4166.0,0.0,44.0,360.0,1.0,1.0,1.0
122,0.0,0.0,0.0,1.0,0.0,2137.0,8980.0,137.0,360.0,0.0,1.0,1.0
123,1.0,1.0,2.0,1.0,0.0,2957.0,0.0,81.0,360.0,1.0,1.0,1.0
124,1.0,1.0,0.0,0.0,0.0,4300.0,2014.0,194.0,360.0,1.0,0.0,1.0
125,0.0,0.0,0.0,1.0,0.0,3692.0,0.0,93.0,360.0,1.0,0.0,1.0
126,1.0,1.0,3.0,1.0,0.0,23803.0,0.0,370.0,360.0,1.0,0.0,1.0
127,1.0,0.0,0.0,1.0,0.0,3865.0,1640.0,118.0,360.0,1.0,0.0,1.0
128,1.0,1.0,1.0,1.0,1.0,10513.0,3850.0,160.0,180.0,0.0,2.0,0.0
129,1.0,1.0,0.0,1.0,0.0,6080.0,2569.0,182.0,360.0,1.0,0.0,0.0
130,1.0,0.0,0.0,1.0,1.0,20166.0,0.0,650.0,480.0,1.0,2.0,1.0
131,1.0,0.0,0.0,1.0,0.0,2014.0,1929.0,74.0,360.0,1.0,2.0,1.0
132,1.0,0.0,0.0,1.0,0.0,2718.0,0.0,70.0,360.0,1.0,1.0,1.0
133,1.0,1.0,0.0,1.0,1.0,3459.0,0.0,25.0,120.0,1.0,1.0,1.0
134,1.0,0.0,0.0,1.0,0.0,4895.0,0.0,102.0,360.0,1.0,1.0,1.0
135,1.0,1.0,3.0,1.0,0.0,4000.0,7750.0,290.0,360.0,1.0,1.0,0.0
136,0.0,1.0,0.0,1.0,0.0,4583.0,0.0,84.0,360.0,1.0,0.0,0.0
137,1.0,1.0,2.0,1.0,1.0,3316.0,3500.0,88.0,360.0,1.0,2.0,1.0
138,1.0,0.0,0.0,1.0,0.0,14999.0,0.0,242.0,360.0,0.0,1.0,0.0
139,1.0,1.0,2.0,0.0,0.0,4200.0,1430.0,129.0,360.0,1.0,0.0,0.0
140,1.0,1.0,2.0,1.0,0.0,5042.0,2083.0,185.0,360.0,1.0,0.0,0.0
141,1.0,0.0,0.0,1.0,0.0,5417.0,0.0,168.0,360.0,1.0,2.0,1.0
142,1.0,0.0,0.0,1.0,1.0,6950.0,0.0,175.0,180.0,1.0,1.0,1.0
143,1.0,1.0,0.0,1.0,0.0,2698.0,2034.0,122.0,360.0,1.0,1.0,1.0
144,1.0,1.0,2.0,1.0,0.0,11757.0,0.0,187.0,180.0,1.0,2.0,1.0
145,0.0,1.0,0.0,1.0,0.0,2330.0,4486.0,100.0,360.0,1.0,1.0,1.0
146,0.0,1.0,2.0,1.0,0.0,14866.0,0.0,70.0,360.0,1.0,2.0,1.0
147,1.0,1.0,1.0,1.0,0.0,1538.0,1425.0,30.0,360.0,1.0,2.0,1.0
148,0.0,0.0,0.0,1.0,0.0,10000.0,1666.0,225.0,360.0,1.0,0.0,0.0
149,1.0,1.0,0.0,1.0,0.0,4860.0,830.0,125.0,360.0,1.0,1.0,1.0
150,1.0,0.0,0.0,1.0,0.0,6277.0,0.0,118.0,360.0,0.0,0.0,0.0
151,1.0,1.0,0.0,1.0,1.0,2577.0,3750.0,152.0,360.0,1.0,0.0,1.0
152,1.0,0.0,0.0,1.0,0.0,9166.0,0.0,244.0,360.0,1.0,2.0,0.0
153,1.0,1.0,2.0,0.0,0.0,2281.0,0.0,113.0,360.0,1.0,0.0,0.0
154,1.0,0.0,0.0,1.0,0.0,3254.0,0.0,50.0,360.0,1.0,2.0,1.0
155,1.0,1.0,3.0,1.0,0.0,39999.0,0.0,600.0,180.0,0.0,1.0,1.0
156,1.0,1.0,1.0,1.0,0.0,6000.0,0.0,160.0,360.0,1.0,0.0,1.0
157,1.0,1.0,1.0,1.0,0.0,9538.0,0.0,187.0,360.0,1.0,2.0,1.0
158,1.0,0.0,0.0,1.0,0.0,2980.0,2083.0,120.0,360.0,1.0,0.0,1.0
159,1.0,1.0,0.0,1.0,0.0,4583.0,5625.0,255.0,360.0,1.0,1.0,1.0
160,1.0,1.0,0.0,0.0,0.0,1863.0,1041.0,98.0,360.0,1.0,1.0,1.0
161,1.0,1.0,0.0,1.0,0.0,7933.0,0.0,275.0,360.0,1.0,2.0,0.0
162,1.0,1.0,1.0,1.0,0.0,3089.0,1280.0,121.0,360.0,0.0,1.0,0.0
163,1.0,1.0,2.0,1.0,0.0,4167.0,1447.0,158.0,360.0,1.0,0.0,1.0
164,1.0,1.0,0.0,1.0,0.0,9323.0,0.0,75.0,180.0,1.0,2.0,1.0
165,1.0,1.0,0.0,1.0,0.0,3707.0,3166.0,182.0,300.0,1.0,0.0,1.0
166,0.0,1.0,0.0,1.0,0.0,4583.0,0.0,112.0,360.0,1.0,0.0,0.0
167,1.0,1.0,0.0,1.0,0.0,2439.0,3333.0,129.0,360.0,1.0,0.0,1.0
168,1.0,0.0,0.0,1.0,0.0,2237.0,0.0,63.0,480.0,0.0,1.0,0.0
169,1.0,1.0,2.0,1.0,0.0,8000.0,0.0,200.0,360.0,1.0,1.0,1.0
170,1.0,1.0,0.0,0.0,0.0,1820.0,1769.0,95.0,360.0,1.0,0.0,1.0
171,1.0,1.0,3.0,1.0,0.0,51763.0,0.0,700.0,300.0,1.0,2.0,1.0
172,1.0,1.0,3.0,0.0,0.0,3522.0,0.0,81.0,180.0,1.0,0.0,0.0
173,1.0,1.0,0.0,1.0,0.0,5708.0,5625.0,187.0,360.0,1.0,1.0,1.0
174,1.0,1.0,0.0,0.0,1.0,4344.0,736.0,87.0,360.0,1.0,1.0,0.0
175,1.0,1.0,0.0,1.0,0.0,3497.0,1964.0,116.0,360.0,1.0,0.0,1.0
176,1.0,1.0,2.0,1.0,0.0,2045.0,1619.0,101.0,360.0,1.0,0.0,1.0
177,1.0,1.0,3.0,1.0,0.0,5516.0,11300.0,495.0,360.0,0.0,1.0,0.0
178,1.0,1.0,1.0,1.0,0.0,3750.0,0.0,116.0,360.0,1.0,1.0,1.0
179,1.0,0.0,0.0,0.0,0.0,2333.0,1451.0,102.0,480.0,0.0,2.0,0.0
180,1.0,1.0,1.0,1.0,0.0,6400.0,7250.0,180.0,360.0,0.0,2.0,0.0
181,1.0,0.0,0.0,1.0,0.0,1916.0,5063.0,67.0,360.0,1.0,0.0,0.0
182,1.0,1.0,0.0,1.0,0.0,4600.0,0.0,73.0,180.0,1.0,1.0,1.0
183,1.0,1.0,1.0,1.0,0.0,33846.0,0.0,260.0,360.0,1.0,1.0,0.0
184,0.0,1.0,0.0,1.0,0.0,3625.0,0.0,108.0,360.0,1.0,1.0,1.0
185,1.0,1.0,0.0,1.0,1.0,39147.0,4750.0,120.0,360.0,1.0,1.0,1.0
186,1.0,1.0,1.0,1.0,1.0,2178.0,0.0,66.0,300.0,0.0,0.0,0.0
187,1.0,1.0,0.0,1.0,0.0,2383.0,2138.0,58.0,360.0,1.0,0.0,1.0
188,0.6666666666666666,1.0,0.0,1.0,1.0,674.0,5296.0,168.0,360.0,1.0,0.0,1.0
189,1.0,1.0,0.0,1.0,0.0,9328.0,0.0,188.0,180.0,1.0,0.0,1.0
190,1.0,0.0,0.0,0.0,0.0,4885.0,0.0,48.0,360.0,1.0,0.0,1.0
191,1.0,0.0,0.0,1.0,0.0,12000.0,0.0,164.0,360.0,1.0,1.0,0.0
192,1.0,1.0,0.0,0.0,0.0,6033.0,0.0,160.0,360.0,1.0,2.0,0.0
193,1.0,0.0,0.0,1.0,0.0,3858.0,0.0,76.0,360.0,1.0,1.0,1.0
194,1.0,0.0,0.0,1.0,0.0,4191.0,0.0,120.0,360.0,1.0,0.0,1.0
195,1.0,1.0,1.0,1.0,0.0,3125.0,2583.0,170.0,360.0,1.0,1.0,0.0
196,1.0,0.0,0.0,1.0,0.0,8333.0,3750.0,187.0,360.0,1.0,0.0,1.0
197,0.0,0.0,0.0,0.0,0.0,1907.0,2365.0,120.0,360.0,1.0,2.0,1.0
198,0.0,1.0,0.0,1.0,0.0,3416.0,2816.0,113.0,360.0,1.0,1.0,1.0
199,1.0,0.0,0.0,1.0,1.0,11000.0,0.0,83.0,360.0,1.0,2.0,0.0
200,1.0,1.0,1.0,0.0,0.0,2600.0,2500.0,90.0,360.0,1.0,1.0,1.0
201,1.0,0.0,2.0,1.0,0.0,4923.0,0.0,166.0,360.0,0.0,1.0,1.0
202,1.0,1.0,3.0,0.0,0.0,3992.0,0.0,68.66666666666667,180.0,1.0,2.0,0.0
203,1.0,1.0,1.0,0.0,0.0,3500.0,1083.0,135.0,360.0,1.0,2.0,1.0
204,1.0,1.0,2.0,0.0,0.0,3917.0,0.0,124.0,360.0,1.0,1.0,1.0
205,0.0,0.0,0.0,0.0,0.0,4408.0,0.0,120.0,360.0,1.0,1.0,1.0
206,0.0,0.0,0.0,1.0,0.0,3244.0,0.0,80.0,360.0,1.0,2.0,1.0
207,1.0,0.0,0.0,0.0,0.0,3975.0,2531.0,55.0,360.0,1.0,0.0,1.0
208,1.0,0.0,0.0,1.0,0.0,2479.0,0.0,59.0,360.0,1.0,2.0,1.0
209,1.0,0.0,0.0,1.0,0.0,3418.0,0.0,127.0,360.0,1.0,1.0,0.0
210,0.0,0.0,0.0,1.0,0.0,10000.0,0.0,214.0,360.0,1.0,1.0,0.0
211,1.0,1.0,3.0,1.0,0.0,3430.0,1250.0,128.0,360.0,0.0,1.0,0.0
212,1.0,1.0,1.0,1.0,1.0,7787.0,0.0,240.0,360.0,1.0,2.0,1.0
213,1.0,1.0,3.0,0.0,1.0,5703.0,0.0,130.0,360.0,1.0,0.0,1.0
214,1.0,1.0,0.0,1.0,0.0,3173.0,3021.0,137.0,360.0,1.0,2.0,1.0
215,1.0,1.0,3.0,0.0,0.0,3850.0,983.0,100.0,360.0,1.0,1.0,1.0
216,1.0,1.0,0.0,1.0,0.0,150.0,1800.0,135.0,360.0,1.0,0.0,0.0
217,1.0,1.0,0.0,1.0,0.0,3727.0,1775.0,131.0,360.0,1.0,1.0,1.0
218,1.0,1.0,2.0,1.0,0.0,5000.0,0.0,72.0,360.0,0.0,1.0,0.0
219,0.0,1.0,2.0,1.0,0.0,4283.0,2383.0,127.0,360.0,1.0,1.0,1.0
220,1.0,1.0,0.0,1.0,0.0,2221.0,0.0,60.0,360.0,0.0,2.0,0.0
221,1.0,1.0,2.0,1.0,0.0,4009.0,1717.0,116.0,360.0,1.0,1.0,1.0
222,1.0,0.0,0.0,1.0,0.0,2971.0,2791.0,144.0,360.0,1.0,1.0,1.0
223,1.0,1.0,0.0,1.0,0.0,7578.0,1010.0,175.0,360.0,1.0,1.0,1.0
224,1.0,1.0,0.0,1.0,0.0,6250.0,0.0,128.0,360.0,1.0,1.0,1.0
225,1.0,1.0,0.0,1.0,0.0,3250.0,0.0,170.0,360.0,1.0,0.0,0.0
226,1.0,1.0,1.3333333333333333,0.0,1.0,4735.0,0.0,138.0,360.0,1.0,2.0,0.0
227,1.0,1.0,2.0,1.0,0.0,6250.0,1695.0,210.0,360.0,1.0,1.0,1.0
228,1.0,1.0,1.0,1.0,0.0,4758.0,0.0,158.0,480.0,1.0,1.0,1.0
229,1.0,0.0,0.0,1.0,1.0,6400.0,0.0,200.0,360.0,1.0,0.0,1.0
230,1.0,1.0,1.0,1.0,0.0,2491.0,2054.0,104.0,360.0,1.0,1.0,1.0
231,1.0,1.0,0.0,1.0,0.0,3716.0,0.0,42.0,180.0,1.0,0.0,1.0
232,1.0,0.0,0.0,0.0,0.0,3189.0,2598.0,120.0,360.0,1.0,0.0,1.0
233,0.0,0.0,0.0,1.0,0.0,8333.0,0.0,280.0,360.0,1.0,1.0,1.0
234,1.0,1.0,1.0,1.0,0.0,3155.0,1779.0,140.0,360.0,1.0,1.0,1.0
235,1.0,1.0,1.0,1.0,0.0,5500.0,1260.0,170.0,360.0,1.0,0.0,1.0
236,1.0,1.0,0.0,1.0,0.0,5746.0,0.0,255.0,360.0,1.0,2.0,0.0
237,0.0,0.0,0.0,1.0,1.0,3463.0,0.0,122.0,360.0,1.0,2.0,1.0
238,0.0,0.0,1.0,1.0,0.0,3812.0,0.0,112.0,360.0,1.0,0.0,1.0
239,1.0,1.0,1.0,1.0,0.0,3315.0,0.0,96.0,360.0,1.0,1.0,1.0
240,1.0,1.0,2.0,1.0,0.0,5819.0,5000.0,120.0,360.0,1.0,0.0,1.0
241,1.0,1.0,1.0,0.0,0.0,2510.0,1983.0,140.0,180.0,1.0,2.0,0.0
242,1.0,0.0,0.0,1.0,0.0,2965.0,5701.0,155.0,60.0,1.0,2.0,1.0
243,1.0,1.0,2.0,1.0,1.0,6250.0,1300.0,108.0,360.0,1.0,0.0,1.0
244,1.0,1.0,0.0,0.0,0.0,3406.0,4417.0,123.0,360.0,1.0,1.0,1.0
245,1.0,0.0,0.0,1.0,1.0,6050.0,4333.0,120.0,180.0,1.0,2.0,0.0
246,1.0,1.0,2.0,1.0,0.0,9703.0,0.0,112.0,360.0,1.0,2.0,1.0
247,1.0,1.0,1.0,0.0,0.0,6608.0,0.0,137.0,180.0,1.0,2.0,1.0
248,1.0,1.0,1.0,1.0,0.0,2882.0,1843.0,123.0,480.0,1.0,1.0,1.0
249,1.0,1.0,0.0,1.0,0.0,1809.0,1868.0,90.0,360.0,1.0,2.0,1.0
250,1.0,1.0,0.0,0.0,0.0,1668.0,3890.0,201.0,360.0,0.0,1.0,0.0
251,0.0,0.0,2.0,1.0,0.0,3427.0,0.0,138.0,360.0,1.0,2.0,0.0
252,1.0,0.0,0.0,0.0,1.0,2583.0,2167.0,104.0,360.0,1.0,0.0,1.0
253,1.0,1.0,1.0,0.0,0.0,2661.0,7101.0,279.0,180.0,1.0,1.0,1.0
254,1.0,0.0,0.0,1.0,1.0,16250.0,0.0,192.0,360.0,0.0,2.0,0.0
255,0.0,0.0,3.0,1.0,0.0,3083.0,0.0,255.0,360.0,1.0,0.0,1.0
256,1.0,0.0,0.0,0.0,0.0,6045.0,0.0,115.0,360.0,0.0,0.0,0.0
257,1.0,1.0,3.0,1.0,0.0,5250.0,0.0,94.0,360.0,1.0,2.0,0.0
258,1.0,1.0,0.0,1.0,0.0,14683.0,2100.0,304.0,360.0,1.0,0.0,0.0
259,1.0,1.0,3.0,0.0,0.0,4931.0,0.0,128.0,360.0,0.3333333333333333,1.0,0.0
260,1.0,1.0,1.0,1.0,0.0,6083.0,4250.0,330.0,360.0,0.6666666666666666,2.0,1.0
261,1.0,0.0,0.0,1.0,0.0,2060.0,2209.0,134.0,360.0,1.0,1.0,1.0
262,0.0,0.0,1.0,1.0,0.0,3481.0,0.0,155.0,36.0,1.0,1.0,0.0
263,0.0,0.0,0.0,1.0,0.0,7200.0,0.0,120.0,360.0,1.0,0.0,1.0
264,1.0,0.0,0.0,1.0,1.0,5166.0,0.0,128.0,360.0,1.0,1.0,1.0
265,1.0,0.0,0.0,1.0,0.0,4095.0,3447.0,151.0,360.0,1.0,0.0,1.0
266,1.0,1.0,2.0,1.0,0.0,4708.0,1387.0,150.0,360.0,1.0,1.0,1.0
267,1.0,1.0,3.0,1.0,0.0,4333.0,1811.0,160.0,360.0,0.0,2.0,1.0
268,0.0,0.0,0.0,1.0,0.0,3418.0,0.0,135.0,360.0,1.0,0.0,0.0
269,0.0,0.0,1.0,1.0,0.0,2876.0,1560.0,90.0,360.0,1.0,2.0,1.0
270,0.0,0.0,0.0,1.0,0.0,3237.0,0.0,30.0,360.0,1.0,2.0,1.0
271,1.0,1.0,0.0,1.0,0.0,11146.0,0.0,136.0,360.0,1.0,2.0,1.0
272,1.0,0.0,0.0,1.0,0.0,2833.0,1857.0,126.0,360.0,1.0,0.0,1.0
273,1.0,1.0,0.0,1.0,0.0,2620.0,2223.0,150.0,360.0,1.0,1.0,1.0
274,1.0,1.0,2.0,1.0,0.0,3900.0,0.0,90.0,360.0,1.0,1.0,1.0
275,1.0,1.0,1.0,1.0,0.0,2750.0,1842.0,115.0,360.0,1.0,1.0,1.0
276,1.0,1.0,0.0,1.0,0.0,3993.0,3274.0,207.0,360.0,1.0,1.0,1.0
277,1.0,1.0,0.0,1.0,0.0,3103.0,1300.0,80.0,360.0,1.0,2.0,1.0
278,1.0,1.0,0.0,1.0,0.0,14583.0,0.0,436.0,360.0,1.0,1.0,1.0
279,0.0,1.0,0.0,0.0,0.0,4100.0,0.0,124.0,360.0,1.0,0.0,1.0
280,1.0,0.0,1.0,0.0,1.0,4053.0,2426.0,158.0,360.0,0.0,2.0,0.0
281,1.0,1.0,0.0,1.0,0.0,3927.0,800.0,112.0,360.0,1.0,1.0,1.0
282,1.0,1.0,2.0,1.0,0.0,2301.0,985.7999878,78.0,180.0,1.0,2.0,1.0
283,0.0,0.0,0.0,1.0,0.0,1811.0,1666.0,54.0,360.0,1.0,2.0,1.0
284,1.0,1.0,0.0,1.0,0.0,20667.0,0.0,576.6666666666666,360.0,1.0,0.0,0.0
285,1.0,0.0,0.0,1.0,0.0,3158.0,3053.0,89.0,360.0,1.0,0.0,1.0
286,0.0,0.0,0.0,1.0,1.0,2600.0,1717.0,99.0,300.0,1.0,1.0,0.0
287,1.0,1.0,0.0,1.0,0.0,3704.0,2000.0,120.0,360.0,1.0,0.0,1.0
288,0.0,0.0,0.0,1.0,0.0,4124.0,0.0,115.0,360.0,1.0,1.0,1.0
289,1.0,0.0,0.0,1.0,0.0,9508.0,0.0,187.0,360.0,1.0,0.0,1.0
290,1.0,1.0,0.0,1.0,0.0,3075.0,2416.0,139.0,360.0,1.0,0.0,1.0
291,1.0,1.0,2.0,1.0,0.0,4400.0,0.0,127.0,360.0,0.0,1.0,0.0
292,1.0,1.0,2.0,1.0,0.0,3153.0,1560.0,134.0,360.0,1.0,2.0,1.0
293,0.0,0.0,0.6666666666666666,1.0,0.0,5417.0,0.0,143.0,480.0,0.0,2.0,0.0
294,1.0,1.0,0.0,1.0,0.0,2383.0,3334.0,172.0,360.0,1.0,1.0,1.0
295,1.0,1.0,3.0,1.0,0.0,4416.0,1250.0,110.0,360.0,1.0,2.0,1.0
296,1.0,1.0,1.0,1.0,0.0,6875.0,0.0,200.0,360.0,1.0,1.0,1.0
297,0.0,1.0,1.0,1.0,0.0,4666.0,0.0,135.0,360.0,1.0,2.0,1.0
298,0.0,0.0,0.0,1.0,0.0,5000.0,2541.0,151.0,480.0,1.0,0.0,0.0
299,1.0,1.0,1.0,1.0,0.0,2014.0,2925.0,113.0,360.0,1.0,2.0,0.0
300,1.0,1.0,0.0,0.0,0.0,1800.0,2934.0,93.0,360.0,0.0,2.0,0.0
301,1.0,1.0,1.0,0.0,0.0,2875.0,1750.0,105.0,360.0,1.0,1.0,1.0
302,0.0,0.0,0.0,1.0,0.0,5000.0,0.0,132.0,360.0,1.0,0.0,1.0
303,1.0,1.0,1.0,1.0,0.0,1625.0,1803.0,96.0,360.0,1.0,2.0,1.0
304,1.0,0.0,0.0,1.0,0.0,4000.0,2500.0,140.0,360.0,1.0,0.0,1.0
305,1.0,0.0,0.0,0.0,0.0,2000.0,0.0,71.0,360.0,1.0,2.0,0.0
306,0.0,0.0,0.0,1.0,0.0,3762.0,1666.0,135.0,360.0,1.0,0.0,1.0
307,0.0,0.0,0.0,1.0,0.0,2400.0,1863.0,104.0,360.0,0.0,2.0,0.0
308,1.0,0.0,0.0,1.0,0.0,20233.0,0.0,480.0,360.0,1.0,0.0,0.0
309,1.0,1.0,2.0,0.0,0.0,7667.0,0.0,185.0,360.0,0.3333333333333333,0.0,1.0
310,0.0,0.0,0.0,1.0,0.0,2917.0,0.0,84.0,360.0,1.0,1.0,1.0
311,1.0,0.0,0.0,0.0,0.0,2927.0,2405.0,111.0,360.0,1.0,1.0,1.0
312,0.0,0.0,0.0,1.0,0.0,2507.0,0.0,56.0,360.0,1.0,0.0,1.0
313,1.0,1.0,2.0,1.0,1.0,5746.0,0.0,144.0,84.0,1.0,0.0,1.0
314,1.0,1.0,0.0,1.0,0.0,2473.0,1843.0,159.0,360.0,1.0,0.0,0.0
315,1.0,1.0,1.0,0.0,0.0,3399.0,1640.0,111.0,180.0,1.0,2.0,1.0
316,1.0,1.0,2.0,1.0,0.0,3717.0,0.0,120.0,360.0,1.0,1.0,1.0
317,1.0,1.0,0.0,1.0,0.0,2058.0,2134.0,88.0,360.0,1.0,2.0,1.0
318,0.0,0.0,1.0,1.0,0.0,3541.0,0.0,112.0,360.0,0.3333333333333333,1.0,1.0
319,1.0,1.0,1.0,1.0,1.0,10000.0,0.0,155.0,360.0,1.0,0.0,0.0
320,1.0,1.0,0.0,1.0,0.0,2400.0,2167.0,115.0,360.0,1.0,1.0,1.0
321,1.0,1.0,3.0,1.0,0.0,4342.0,189.0,124.0,360.0,1.0,1.0,1.0
322,1.0,1.0,2.0,0.0,0.0,3601.0,1590.0,122.66666666666667,360.0,1.0,0.0,1.0
323,0.0,0.0,0.0,1.0,0.0,3166.0,2985.0,132.0,360.0,1.0,0.0,1.0
324,1.0,1.0,3.0,1.0,0.0,15000.0,0.0,300.0,360.0,1.0,0.0,1.0
325,1.0,1.0,1.0,1.0,1.0,8666.0,4983.0,376.0,360.0,0.0,0.0,0.0
326,1.0,0.0,0.0,1.0,0.0,4917.0,0.0,130.0,360.0,0.0,0.0,1.0
327,1.0,1.0,0.0,1.0,1.0,5818.0,2160.0,184.0,360.0,1.0,1.0,1.0
328,0.0,1.0,0.0,1.0,0.0,4333.0,2451.0,110.0,360.0,1.0,2.0,0.0
329,0.0,0.0,0.0,1.0,0.0,2500.0,0.0,67.0,360.0,1.0,2.0,1.0
330,1.0,0.0,1.0,1.0,0.0,4384.0,1793.0,117.0,360.0,1.0,2.0,1.0
331,1.0,0.0,0.0,1.0,0.0,2935.0,0.0,98.0,360.0,1.0,1.0,1.0
332,1.0,0.0,0.3333333333333333,1.0,0.0,2833.0,0.0,71.0,360.0,1.0,2.0,1.0
333,1.0,1.0,0.0,1.0,0.0,63337.0,0.0,490.0,180.0,1.0,2.0,1.0
334,0.6666666666666666,1.0,1.0,1.0,1.0,9833.0,1833.0,182.0,180.0,1.0,2.0,1.0
335,1.0,1.0,1.3333333333333333,1.0,1.0,5503.0,4490.0,70.0,360.0,1.0,1.0,1.0
336,1.0,1.0,1.0,1.0,0.0,5250.0,688.0,160.0,360.0,1.0,0.0,1.0
337,1.0,1.0,2.0,1.0,1.0,2500.0,4600.0,176.0,360.0,1.0,0.0,1.0
338,0.0,0.0,3.0,0.0,0.0,1830.0,0.0,71.0,360.0,0.0,2.0,0.0
339,0.0,0.0,0.0,1.0,0.0,4160.0,0.0,71.0,360.0,1.0,1.0,1.0
340,1.0,1.0,3.0,0.0,0.0,2647.0,1587.0,173.0,360.0,1.0,0.0,0.0
341,0.0,0.0,0.0,1.0,0.0,2378.0,0.0,46.0,360.0,1.0,0.0,0.0
342,1.0,1.0,1.0,0.0,0.0,4554.0,1229.0,158.0,360.0,1.0,2.0,1.0
343,1.0,1.0,3.0,0.0,0.0,3173.0,0.0,74.0,360.0,1.0,1.0,1.0
344,1.0,1.0,2.0,1.0,0.0,2583.0,2330.0,125.0,360.0,1.0,0.0,1.0
345,1.0,1.0,0.0,1.0,0.0,2499.0,2458.0,160.0,360.0,1.0,1.0,1.0
346,1.0,1.0,1.3333333333333333,0.0,0.0,3523.0,3230.0,152.0,360.0,0.0,0.0,0.0
347,1.0,1.0,2.0,0.0,0.0,3083.0,2168.0,126.0,360.0,1.0,2.0,1.0
348,1.0,1.0,0.0,1.0,0.0,6333.0,4583.0,259.0,360.0,0.6666666666666666,1.0,1.0
349,1.0,1.0,0.0,1.0,0.0,2625.0,6250.0,187.0,360.0,1.0,0.0,1.0
350,1.0,1.0,0.0,1.0,0.0,9083.0,0.0,228.0,360.0,1.0,1.0,1.0
351,1.0,0.0,0.0,1.0,0.0,8750.0,4167.0,308.0,360.0,1.0,0.0,0.0
352,1.0,1.0,3.0,1.0,0.0,2666.0,2083.0,95.0,360.0,1.0,0.0,1.0
353,0.0,1.0,0.0,1.0,1.0,5500.0,0.0,105.0,360.0,0.0,0.0,0.0
354,0.0,1.0,0.0,1.0,0.0,2423.0,505.0,130.0,360.0,1.0,1.0,1.0
355,0.0,0.0,0.6666666666666666,1.0,0.0,3813.0,0.0,116.0,180.0,1.0,2.0,1.0
356,1.0,1.0,2.0,1.0,0.0,8333.0,3167.0,165.0,360.0,1.0,0.0,1.0
357,1.0,1.0,1.0,1.0,0.0,3875.0,0.0,67.0,360.0,1.0,2.0,0.0
358,1.0,1.0,0.0,0.0,0.0,3000.0,1666.0,100.0,480.0,0.0,2.0,0.0
359,1.0,1.0,3.0,1.0,0.0,5167.0,3167.0,200.0,360.0,1.0,1.0,1.0
360,0.0,0.0,1.0,1.0,0.0,4723.0,0.0,81.0,360.0,1.0,1.0,0.0
361,1.0,1.0,2.0,1.0,0.0,5000.0,3667.0,236.0,360.0,1.0,1.0,1.0
362,1.0,1.0,0.0,1.0,0.0,4750.0,2333.0,130.0,360.0,1.0,2.0,1.0
363,1.0,1.0,0.0,1.0,0.0,3013.0,3033.0,95.0,300.0,0.6666666666666666,2.0,1.0
364,1.0,0.0,0.0,1.0,1.0,6822.0,0.0,141.0,360.0,1.0,0.0,1.0
365,1.0,0.0,0.0,0.0,0.0,6216.0,0.0,133.0,360.0,1.0,0.0,0.0
366,1.0,0.0,0.0,1.0,0.0,2500.0,0.0,96.0,480.0,1.0,1.0,0.0
367,1.0,0.0,0.0,1.0,0.0,5124.0,0.0,124.0,360.0,0.0,0.0,0.0
368,1.0,1.0,1.0,1.0,0.0,6325.0,0.0,175.0,360.0,1.0,1.0,1.0
369,1.0,1.0,0.0,1.0,0.0,19730.0,5266.0,570.0,360.0,1.0,0.0,0.0
370,0.0,0.0,0.0,1.0,1.0,15759.0,0.0,55.0,360.0,1.0,1.0,1.0
371,1.0,1.0,2.0,1.0,0.0,5185.0,0.0,155.0,360.0,1.0,1.0,1.0
372,1.0,1.0,2.0,1.0,1.0,9323.0,7873.0,380.0,300.0,1.0,0.0,1.0
373,1.0,0.0,1.0,1.0,0.0,3062.0,1987.0,111.0,180.0,0.0,2.0,0.0
374,0.0,0.0,0.0,1.0,0.6666666666666666,2764.0,1459.0,110.0,360.0,1.0,2.0,1.0
375,1.0,1.0,0.0,1.0,0.0,4817.0,923.0,120.0,180.0,1.0,2.0,1.0
376,1.0,1.0,3.0,1.0,0.0,8750.0,4996.0,130.0,360.0,1.0,0.0,1.0
377,1.0,1.0,0.0,1.0,0.0,4310.0,0.0,130.0,360.0,0.6666666666666666,1.0,1.0
378,1.0,0.0,0.0,1.0,0.0,3069.0,0.0,71.0,480.0,1.0,2.0,0.0
379,1.0,1.0,2.0,1.0,0.0,5391.0,0.0,130.0,360.0,1.0,2.0,1.0
380,1.0,1.0,0.0,1.0,0.0,3333.0,2500.0,128.0,360.0,1.0,1.0,1.0
381,1.0,0.0,0.0,1.0,0.0,5941.0,4232.0,296.0,360.0,1.0,1.0,1.0
382,0.0,0.0,0.0,1.0,0.0,6000.0,0.0,156.0,360.0,1.0,2.0,1.0
383,1.0,0.0,0.0,1.0,1.0,7167.0,0.0,128.0,360.0,1.0,2.0,1.0
384,1.0,1.0,2.0,1.0,0.0,4566.0,0.0,100.0,360.0,1.0,2.0,0.0
385,1.0,0.0,1.0,1.0,0.0,3667.0,0.0,113.0,180.0,1.0,2.0,1.0
386,1.0,0.0,0.0,0.0,0.0,2346.0,1600.0,132.0,360.0,1.0,1.0,1.0
387,1.0,1.0,0.0,0.0,0.0,3010.0,3136.0,107.0,360.0,0.0,2.0,0.0
388,1.0,1.0,0.0,1.0,0.0,2333.0,2417.0,136.0,360.0,1.0,2.0,1.0
389,1.0,1.0,0.0,1.0,0.0,5488.0,0.0,125.0,360.0,1.0,0.0,1.0
390,1.0,0.0,3.0,1.0,0.0,9167.0,0.0,185.0,360.0,1.0,0.0,1.0
391,1.0,1.0,3.0,1.0,0.0,9504.0,0.0,275.0,360.0,1.0,0.0,1.0
392,1.0,1.0,0.0,1.0,0.0,2583.0,2115.0,120.0,360.0,1.0,2.0,1.0
393,1.0,1.0,2.0,0.0,0.0,1993.0,1625.0,113.0,180.0,1.0,1.0,1.0
394,1.0,1.0,2.0,1.0,0.0,3100.0,1400.0,113.0,360.0,1.0,2.0,1.0
395,1.0,1.0,2.0,1.0,0.0,3276.0,484.0,135.0,360.0,1.0,1.0,1.0
396,0.0,0.0,0.0,1.0,0.0,3180.0,0.0,71.0,360.0,0.0,2.0,0.0
397,1.0,1.0,0.0,1.0,0.0,3033.0,1459.0,95.0,360.0,1.0,2.0,1.0
398,1.0,0.0,0.0,0.0,0.0,3902.0,1666.0,109.0,360.0,1.0,0.0,1.0
399,0.0,0.0,0.0,1.0,0.0,1500.0,1800.0,103.0,360.0,0.0,1.0,0.0
400,1.0,1.0,2.0,0.0,0.0,2889.0,0.0,45.0,180.0,0.0,2.0,0.0
401,1.0,0.0,0.0,0.0,0.0,2755.0,0.0,65.0,300.0,1.0,0.0,0.0
402,1.0,0.0,0.0,1.0,0.0,2500.0,20000.0,103.0,360.0,1.0,1.0,1.0
403,0.0,0.0,0.0,0.0,0.0,1963.0,0.0,53.0,360.0,1.0,1.0,1.0
404,0.0,0.0,0.0,1.0,1.0,7441.0,0.0,194.0,360.0,1.0,0.0,0.0
405,0.0,0.0,0.0,1.0,0.0,4547.0,0.0,115.0,360.0,1.0,1.0,1.0
406,1.0,1.0,0.0,0.0,0.0,2167.0,2400.0,115.0,360.0,1.0,2.0,1.0
407,0.0,0.0,0.0,0.0,0.0,2213.0,0.0,66.0,360.0,1.0,0.0,1.0
408,1.0,1.0,1.0,1.0,0.0,8300.0,0.0,152.0,300.0,0.0,1.0,0.0
409,1.0,1.0,3.0,1.0,0.0,81000.0,0.0,360.0,360.0,0.0,0.0,0.0
410,0.0,0.0,1.0,0.0,1.0,3867.0,0.0,62.0,360.0,1.0,1.0,0.0
411,1.0,1.0,0.0,1.0,0.0,6256.0,0.0,160.0,360.0,0.6666666666666666,2.0,1.0
412,1.0,1.0,0.0,0.0,0.0,6096.0,0.0,218.0,360.0,0.0,0.0,0.0
413,1.0,1.0,0.0,0.0,0.0,2253.0,2033.0,110.0,360.0,1.0,0.0,1.0
414,0.0,1.0,0.0,0.0,0.0,2149.0,3237.0,178.0,360.0,0.0,1.0,0.0
415,0.0,0.0,0.0,1.0,0.0,2995.0,0.0,60.0,360.0,1.0,2.0,1.0
416,0.0,0.0,1.0,1.0,0.0,2600.0,0.0,160.0,360.0,1.0,2.0,0.0
417,1.0,1.0,2.0,1.0,1.0,1600.0,20000.0,239.0,360.0,1.0,2.0,0.0
418,1.0,1.0,0.0,1.0,0.0,1025.0,2773.0,112.0,360.0,1.0,0.0,1.0
419,1.0,1.0,0.0,1.0,0.0,3246.0,1417.0,138.0,360.0,1.0,1.0,1.0
420,1.0,1.0,0.0,1.0,0.0,5829.0,0.0,138.0,360.0,1.0,0.0,1.0
421,0.0,0.0,0.0,0.0,0.0,2720.0,0.0,80.0,300.0,0.0,2.0,0.0
422,1.0,1.0,0.0,1.0,0.0,1820.0,1719.0,100.0,360.0,1.0,2.0,1.0
423,1.0,1.0,1.0,1.0,0.0,7250.0,1667.0,110.0,340.0,0.0,2.0,0.0
424,1.0,1.0,0.0,1.0,0.0,14880.0,0.0,96.0,360.0,1.0,1.0,1.0
425,1.0,1.0,0.0,1.0,0.0,2666.0,4300.0,121.0,360.0,1.0,0.0,1.0
426,0.0,0.0,1.0,0.0,0.0,4606.0,0.0,81.0,360.0,1.0,0.0,0.0
427,1.0,1.0,2.0,1.0,0.0,5935.0,0.0,133.0,360.0,1.0,1.0,1.0
428,1.0,1.0,0.0,1.0,0.0,2920.0,16.12000084,87.0,360.0,1.0,0.0,1.0
429,1.0,0.0,0.0,0.0,0.0,2717.0,0.0,60.0,180.0,1.0,2.0,1.0
430,0.0,0.0,1.0,1.0,1.0,8624.0,0.0,150.0,360.0,1.0,1.0,1.0
431,1.0,0.0,0.0,1.0,0.0,6500.0,0.0,105.0,360.0,0.0,0.0,0.0
432,1.0,0.0,0.0,1.0,0.0,12876.0,0.0,405.0,360.0,1.0,1.0,1.0
433,1.0,1.0,0.0,1.0,0.0,2425.0,2340.0,143.0,360.0,1.0,1.0,1.0
434,1.0,0.0,0.0,1.0,0.0,3750.0,0.0,100.0,360.0,1.0,2.0,1.0
435,0.0,0.6666666666666666,0.3333333333333333,1.0,0.0,10047.0,0.0,183.0,240.0,1.0,1.0,1.0
436,1.0,0.0,0.0,1.0,0.0,1926.0,1851.0,50.0,360.0,1.0,1.0,1.0
437,1.0,1.0,0.0,1.0,0.0,2213.0,1125.0,109.33333333333333,360.0,1.0,2.0,1.0
438,1.0,0.0,0.0,1.0,1.0,10416.0,0.0,187.0,360.0,0.0,2.0,0.0
439,0.0,1.0,0.0,0.0,1.0,7142.0,0.0,138.0,360.0,1.0,0.0,1.0
440,1.0,0.0,0.0,1.0,0.0,3660.0,5064.0,187.0,360.0,1.0,1.0,1.0
441,1.0,1.0,0.0,1.0,0.0,7901.0,1833.0,180.0,360.0,1.0,0.0,1.0
442,1.0,0.0,3.0,0.0,0.0,4707.0,1993.0,148.0,360.0,1.0,1.0,1.0
443,1.0,0.0,1.0,1.0,0.0,37719.0,0.0,152.0,360.0,1.0,1.0,1.0
444,1.0,1.0,0.0,1.0,0.0,7333.0,8333.0,175.0,300.0,0.6666666666666666,0.0,1.0
445,1.0,1.0,1.0,1.0,1.0,3466.0,1210.0,130.0,360.0,1.0,0.0,1.0
446,1.0,1.0,2.0,0.0,0.0,4652.0,0.0,110.0,360.0,1.0,0.0,1.0
447,1.0,1.0,0.0,1.0,0.0,3539.0,1376.0,55.0,360.0,1.0,0.0,0.0
448,1.0,1.0,2.0,1.0,0.0,3340.0,1710.0,150.0,360.0,0.0,0.0,0.0
449,1.0,0.0,1.0,0.0,1.0,2769.0,1542.0,190.0,360.0,1.0,1.0,0.0
450,1.0,1.0,2.0,0.0,0.0,2309.0,1255.0,125.0,360.0,0.0,0.0,0.0
451,1.0,1.0,2.0,0.0,0.0,1958.0,1456.0,60.0,300.0,0.6666666666666666,2.0,1.0
452,1.0,1.0,0.0,1.0,0.0,3948.0,1733.0,149.0,360.0,0.0,0.0,0.0
453,1.0,1.0,0.0,1.0,0.0,2483.0,2466.0,90.0,180.0,0.0,0.0,1.0
454,1.0,0.0,0.0,1.0,1.0,7085.0,0.0,84.0,360.0,1.0,1.0,1.0
455,1.0,1.0,2.0,1.0,0.0,3859.0,0.0,96.0,360.0,1.0,1.0,1.0
456,1.0,1.0,0.0,1.0,0.0,4301.0,0.0,118.0,360.0,1.0,2.0,1.0
457,1.0,1.0,0.0,1.0,0.0,3708.0,2569.0,173.0,360.0,1.0,2.0,0.0
458,1.0,0.0,2.0,1.0,0.0,4354.0,0.0,136.0,360.0,1.0,0.0,1.0
459,1.0,1.0,0.0,1.0,0.0,8334.0,0.0,160.0,360.0,1.0,1.0,0.0
460,0.3333333333333333,1.0,0.0,1.0,1.0,2083.0,4083.0,160.0,360.0,0.3333333333333333,1.0,1.0
461,1.0,1.0,3.0,1.0,0.0,7740.0,0.0,128.0,180.0,1.0,2.0,1.0
462,1.0,1.0,0.0,1.0,0.0,3015.0,2188.0,153.0,360.0,1.0,0.0,1.0
463,0.0,0.0,1.0,0.0,0.3333333333333333,5191.0,0.0,132.0,360.0,1.0,1.0,1.0
464,1.0,0.0,0.0,1.0,0.0,4166.0,0.0,98.0,360.0,0.0,1.0,0.0
465,1.0,0.0,0.0,1.0,0.0,6000.0,0.0,140.0,360.0,1.0,0.0,1.0
466,1.0,1.0,3.0,0.0,0.0,2947.0,1664.0,70.0,180.0,0.0,2.0,0.0
467,0.6666666666666666,1.0,0.0,1.0,0.0,16692.0,0.0,110.0,360.0,1.0,1.0,1.0
468,0.0,1.0,2.0,0.0,0.3333333333333333,210.0,2917.0,98.0,360.0,1.0,1.0,1.0
469,1.0,1.0,0.0,1.0,0.0,4333.0,2451.0,110.0,360.0,1.0,2.0,0.0
470,1.0,1.0,1.0,1.0,1.0,3450.0,2079.0,162.0,360.0,1.0,1.0,1.0
471,1.0,1.0,1.0,0.0,0.0,2653.0,1500.0,113.0,180.0,0.0,0.0,0.0
472,1.0,1.0,3.0,1.0,0.0,4691.0,0.0,100.0,360.0,1.0,1.0,1.0
473,0.0,0.0,0.0,1.0,1.0,2500.0,0.0,93.0,360.0,1.0,2.0,1.0
474,1.0,0.0,2.0,1.0,0.0,5532.0,4648.0,162.0,360.0,1.0,0.0,1.0
475,1.0,1.0,2.0,1.0,1.0,16525.0,1014.0,150.0,360.0,1.0,0.0,1.0
476,1.0,1.0,2.0,1.0,0.0,6700.0,1750.0,230.0,300.0,1.0,1.0,1.0
477,1.0,1.0,2.0,1.0,0.0,2873.0,1872.0,132.0,360.0,0.0,1.0,0.0
478,1.0,1.0,1.0,1.0,1.0,16667.0,2250.0,86.0,360.0,1.0,1.0,1.0
479,1.0,1.0,2.0,1.0,0.0,2947.0,1603.0,95.0,360.0,1.0,2.0,0.0
480,0.0,0.0,0.0,0.0,0.0,4350.0,0.0,154.0,360.0,1.0,0.0,1.0
481,1.0,1.0,3.0,0.0,0.0,3095.0,0.0,113.0,360.0,1.0,0.0,1.0
482,1.0,1.0,0.0,1.0,0.0,2083.0,3150.0,128.0,360.0,1.0,1.0,1.0
483,1.0,1.0,0.0,1.0,0.0,10833.0,0.0,234.0,360.0,1.0,1.0,1.0
484,1.0,1.0,2.0,1.0,0.0,8333.0,0.0,246.0,360.0,1.0,1.0,1.0
485,1.0,1.0,1.0,0.0,0.0,1958.0,2436.0,131.0,360.0,1.0,0.0,1.0
486,1.0,0.0,2.0,1.0,0.0,3547.0,0.0,80.0,360.0,0.0,0.0,0.0
487,1.0,1.0,1.0,1.0,0.0,18333.0,0.0,500.0,360.0,1.0,2.0,0.0
488,1.0,1.0,2.0,1.0,1.0,4583.0,2083.0,160.0,360.0,1.0,1.0,1.0
489,1.0,0.0,0.0,1.0,0.0,2435.0,0.0,75.0,360.0,1.0,2.0,0.0
490,1.0,0.0,0.0,0.0,0.0,2699.0,2785.0,96.0,360.0,1.0,1.0,1.0
491,1.0,1.0,1.0,0.0,0.0,5333.0,1131.0,186.0,360.0,0.6666666666666666,2.0,1.0
492,1.0,0.0,0.0,0.0,0.0,3691.0,0.0,110.0,360.0,1.0,0.0,1.0
493,0.0,0.0,0.0,0.0,1.0,17263.0,0.0,225.0,360.0,1.0,1.0,1.0
494,1.0,1.0,0.0,1.0,0.0,3597.0,2157.0,119.0,360.0,0.0,0.0,0.0
495,0.0,1.0,1.0,1.0,0.0,3326.0,913.0,105.0,84.0,1.0,1.0,1.0
496,1.0,1.0,0.0,0.0,0.0,2600.0,1700.0,107.0,360.0,1.0,0.0,1.0
497,1.0,1.0,0.0,1.0,0.0,4625.0,2857.0,111.0,12.0,1.0,2.0,1.0
498,1.0,1.0,1.0,1.0,1.0,2895.0,0.0,95.0,360.0,1.0,1.0,1.0
499,1.0,0.0,0.0,1.0,0.0,6283.0,4416.0,209.0,360.0,0.0,0.0,0.0
500,0.0,0.0,0.0,1.0,0.0,645.0,3683.0,113.0,480.0,1.0,0.0,1.0
501,0.0,0.0,0.0,1.0,0.0,3159.0,0.0,100.0,360.0,1.0,1.0,1.0
502,1.0,1.0,2.0,1.0,0.0,4865.0,5624.0,208.0,360.0,1.0,1.0,1.0
503,1.0,1.0,1.0,0.0,0.0,4050.0,5302.0,138.0,360.0,1.0,0.0,0.0
504,1.0,1.0,0.0,0.0,0.0,3814.0,1483.0,124.0,300.0,1.0,1.0,1.0
505,1.0,1.0,2.0,1.0,0.0,3510.0,4416.0,243.0,360.0,1.0,0.0,1.0
506,1.0,1.0,0.0,1.0,0.0,20833.0,6667.0,480.0,360.0,1.0,2.0,1.0
507,1.0,0.0,0.0,1.0,0.0,3583.0,0.0,96.0,360.0,1.0,2.0,0.0
508,1.0,1.0,0.0,1.0,1.0,2479.0,3013.0,188.0,360.0,1.0,2.0,1.0
509,0.0,0.0,1.0,1.0,0.0,13262.0,0.0,40.0,360.0,1.0,2.0,1.0
510,1.0,0.0,0.0,0.0,0.0,3598.0,1287.0,100.0,360.0,1.0,0.0,0.0
511,1.0,1.0,1.0,1.0,0.0,6065.0,2004.0,250.0,360.0,1.0,1.0,1.0
512,1.0,1.0,2.0,1.0,0.0,3283.0,2035.0,148.0,360.0,1.0,2.0,1.0
513,1.0,1.0,0.0,1.0,0.0,2130.0,6666.0,70.0,180.0,1.0,1.0,0.0
514,1.0,0.0,0.0,1.0,0.0,5815.0,3666.0,311.0,360.0,1.0,0.0,0.0
515,1.0,1.0,3.0,1.0,0.0,3466.0,3428.0,150.0,360.0,1.0,0.0,1.0
516,0.0,1.0,2.0,1.0,0.0,2031.0,1632.0,113.0,480.0,1.0,1.0,1.0
517,1.0,1.0,1.0,0.0,0.0,3074.0,1800.0,123.0,360.0,0.0,1.0,0.0
518,1.0,0.0,0.0,1.0,0.0,4683.0,1915.0,185.0,360.0,1.0,1.0,0.0
519,0.0,0.0,0.0,0.0,0.0,3400.0,0.0,95.0,360.0,1.0,0.0,0.0
520,1.0,1.0,2.0,0.0,0.0,2192.0,1742.0,45.0,360.0,1.0,1.0,1.0
521,1.0,0.0,0.0,1.0,0.0,2500.0,0.0,55.0,360.0,1.0,1.0,1.0
522,1.0,1.0,3.0,1.0,1.0,5677.0,1424.0,100.0,360.0,1.0,0.0,1.0
523,1.0,1.0,2.0,1.0,1.0,7948.0,7166.0,480.0,360.0,1.0,0.0,1.0
524,1.0,0.0,0.0,1.0,0.0,4680.0,2087.0,152.0,360.0,1.0,1.0,0.0
525,1.0,1.0,2.0,1.0,1.0,17500.0,0.0,400.0,360.0,1.0,0.0,1.0
526,1.0,1.0,0.0,1.0,0.0,3775.0,0.0,110.0,360.0,1.0,1.0,1.0
527,1.0,1.0,1.0,0.0,0.0,5285.0,1430.0,161.0,360.0,0.0,1.0,1.0
528,1.0,0.0,1.0,0.0,0.0,2679.0,1302.0,94.0,360.0,1.0,1.0,1.0
529,1.0,0.0,0.0,0.0,0.0,6783.0,0.0,130.0,360.0,1.0,1.0,1.0
530,1.0,1.0,0.0,1.0,0.0,1025.0,5500.0,216.0,360.0,1.0,0.0,1.0
531,1.0,1.0,3.0,1.0,0.0,4281.0,0.0,100.0,360.0,1.0,2.0,1.0
532,1.0,0.0,2.0,1.0,0.0,3588.0,0.0,110.0,360.0,0.0,0.0,0.0
533,1.0,0.0,1.0,1.0,0.0,11250.0,0.0,196.0,360.0,0.6666666666666666,1.0,0.0
534,0.0,0.0,0.0,0.0,1.0,18165.0,0.0,125.0,360.0,1.0,2.0,1.0
535,1.0,0.0,0.0,0.0,0.0,2550.0,2042.0,126.0,360.0,1.0,0.0,1.0
536,1.0,1.0,0.0,1.0,0.0,6133.0,3906.0,324.0,360.0,1.0,2.0,1.0
537,1.0,0.0,2.0,1.0,0.0,3617.0,0.0,107.0,360.0,1.0,1.0,1.0
538,1.0,1.0,0.0,0.0,0.0,2917.0,536.0,66.0,360.0,1.0,0.0,0.0
539,1.0,1.0,3.0,1.0,0.0,6417.0,0.0,157.0,180.0,1.0,0.0,1.0
540,0.0,1.0,1.0,1.0,0.0,4608.0,2845.0,140.0,180.0,1.0,1.0,1.0
541,0.0,0.0,0.0,1.0,0.0,2138.0,0.0,99.0,360.0,0.0,1.0,0.0
542,0.0,0.0,1.0,1.0,0.0,3652.0,0.0,95.0,360.0,1.0,1.0,1.0
543,1.0,1.0,1.0,0.0,0.0,2239.0,2524.0,128.0,360.0,1.0,2.0,1.0
544,0.0,1.0,0.0,0.0,0.0,3017.0,663.0,102.0,360.0,1.0,1.0,1.0
545,1.0,1.0,0.0,1.0,0.0,2768.0,1950.0,155.0,360.0,1.0,0.0,1.0
546,1.0,0.0,0.0,0.0,0.0,3358.0,0.0,80.0,36.0,1.0,1.0,0.0
547,1.0,0.0,0.0,1.0,0.0,2526.0,1783.0,145.0,360.0,1.0,0.0,1.0
548,0.0,0.0,0.0,1.0,0.0,5000.0,0.0,103.0,360.0,0.0,1.0,0.0
549,1.0,1.0,0.0,1.0,0.0,2785.0,2016.0,110.0,360.0,1.0,0.0,1.0
550,1.0,1.0,2.0,1.0,1.0,6633.0,0.0,146.66666666666666,360.0,0.0,0.0,0.0
551,1.0,1.0,1.0,0.0,0.0,2492.0,2375.0,151.66666666666666,360.0,1.0,0.0,1.0
552,1.0,1.0,1.0,1.0,0.0,3333.0,3250.0,158.0,360.0,1.0,2.0,1.0
553,1.0,1.0,0.0,0.0,0.0,2454.0,2333.0,181.0,360.0,0.0,2.0,0.0
554,1.0,1.0,0.0,1.0,0.0,3593.0,4266.0,132.0,180.0,0.0,0.0,0.0
555,1.0,1.0,1.0,1.0,0.0,5468.0,1032.0,26.0,360.0,1.0,1.0,1.0
556,0.0,0.0,0.0,1.0,0.0,2667.0,1625.0,84.0,360.0,1.0,2.0,1.0
557,1.0,1.0,3.0,1.0,1.0,10139.0,0.0,260.0,360.0,1.0,1.0,1.0
558,1.0,1.0,0.0,1.0,0.0,3887.0,2669.0,162.0,360.0,1.0,1.0,1.0
559,0.0,1.0,0.0,1.0,0.0,4180.0,2306.0,182.0,360.0,1.0,1.0,1.0
560,1.0,1.0,2.0,0.0,0.0,3675.0,242.0,108.0,360.0,1.0,1.0,1.0
561,0.0,1.0,1.0,1.0,1.0,19484.0,0.0,600.0,360.0,1.0,1.0,1.0
562,1.0,1.0,0.0,1.0,0.0,5923.0,2054.0,211.0,360.0,1.0,0.0,1.0
563,1.0,0.0,0.0,0.0,1.0,5800.0,0.0,132.0,360.0,1.0,1.0,1.0
564,1.0,1.0,2.0,1.0,0.0,8799.0,0.0,258.0,360.0,0.0,2.0,0.0
565,1.0,1.0,0.0,0.0,0.0,4467.0,0.0,120.0,360.0,0.6666666666666666,0.0,1.0
566,1.0,0.0,0.0,1.0,0.0,3333.0,0.0,70.0,360.0,1.0,2.0,1.0
567,1.0,1.0,3.0,1.0,0.0,3400.0,2500.0,123.0,360.0,0.0,0.0,0.0
568,0.0,0.0,0.0,1.0,0.0,2378.0,0.0,9.0,360.0,1.0,2.0,0.0
569,1.0,1.0,0.0,1.0,0.0,3166.0,2064.0,104.0,360.0,0.0,2.0,0.0
570,1.0,1.0,1.0,1.0,0.0,3417.0,1750.0,186.0,360.0,1.0,2.0,1.0
571,1.0,1.0,1.6666666666666667,1.0,0.0,5116.0,1451.0,165.0,360.0,0.0,2.0,0.0
572,1.0,1.0,2.0,1.0,0.0,16666.0,0.0,275.0,360.0,1.0,2.0,1.0
573,1.0,1.0,2.0,0.0,0.0,6125.0,1625.0,187.0,480.0,1.0,1.0,0.0
574,1.0,1.0,3.0,1.0,0.0,6406.0,0.0,150.0,360.0,1.0,1.0,0.0
575,1.0,1.0,2.0,1.0,0.0,3159.0,461.0,108.0,84.0,1.0,2.0,1.0
576,0.6666666666666666,1.0,0.0,1.0,0.0,3087.0,2210.0,136.0,360.0,0.0,1.0,0.0
577,1.0,0.0,0.0,1.0,0.0,3229.0,2739.0,110.0,360.0,1.0,2.0,1.0
578,1.0,1.0,1.0,1.0,0.0,1782.0,2232.0,107.0,360.0,1.0,0.0,1.0
579,1.0,0.0,0.0,1.0,0.0,3182.0,2917.0,161.0,360.0,1.0,2.0,1.0
580,1.0,1.0,2.0,1.0,0.0,6540.0,0.0,205.0,360.0,1.0,1.0,1.0
581,1.0,0.0,0.0,1.0,0.0,1836.0,33837.0,90.0,360.0,1.0,2.0,0.0
582,0.0,1.0,0.0,1.0,0.0,3166.0,0.0,36.0,360.0,1.0,1.0,1.0
583,1.0,1.0,1.0,1.0,0.0,1880.0,0.0,61.0,360.0,0.6666666666666666,0.0,0.0
584,1.0,1.0,1.0,1.0,0.0,2787.0,1917.0,146.0,360.0,0.0,0.0,0.0
585,1.0,1.0,1.0,1.0,0.0,4283.0,3000.0,172.0,84.0,1.0,0.0,0.0
586,1.0,1.0,0.0,1.0,0.0,2297.0,1522.0,104.0,360.0,1.0,2.0,1.0
587,0.0,0.0,0.0,0.0,0.0,2165.0,0.0,70.0,360.0,1.0,1.0,1.0
588,0.6666666666666666,0.0,0.0,1.0,0.0,4750.0,0.0,94.0,360.0,1.0,1.0,1.0
589,1.0,1.0,2.0,1.0,1.0,2726.0,0.0,106.0,360.0,0.0,1.0,0.0
590,1.0,1.0,0.0,1.0,0.0,3000.0,3416.0,56.0,180.0,1.0,1.0,1.0
591,1.0,1.0,2.0,1.0,1.0,6000.0,0.0,205.0,240.0,1.0,1.0,0.0
592,1.0,0.0,3.0,1.0,1.0,9357.0,0.0,292.0,360.0,1.0,1.0,1.0
593,1.0,1.0,0.0,1.0,0.0,3859.0,3300.0,142.0,180.0,1.0,0.0,1.0
594,1.0,1.0,0.0,1.0,1.0,16120.0,0.0,260.0,360.0,1.0,2.0,1.0
595,1.0,0.0,0.0,0.0,0.0,3833.0,0.0,110.0,360.0,1.0,0.0,1.0
596,1.0,1.0,2.0,0.0,1.0,6383.0,1000.0,187.0,360.0,1.0,0.0,0.0
597,1.0,0.0,0.0,1.0,0.0,2987.0,0.0,88.0,360.0,0.0,1.0,0.0
598,1.0,1.0,0.0,1.0,1.0,9963.0,0.0,180.0,360.0,1.0,0.0,1.0
599,1.0,1.0,2.0,1.0,0.0,5780.0,0.0,192.0,360.0,1.0,2.0,1.0
600,0.0,0.0,3.0,1.0,0.3333333333333333,416.0,41667.0,350.0,180.0,1.0,2.0,0.0
601,1.0,1.0,0.0,0.0,0.0,2894.0,2792.0,155.0,360.0,1.0,0.0,1.0
602,1.0,1.0,3.0,1.0,0.0,5703.0,0.0,128.0,360.0,1.0,2.0,1.0
603,1.0,0.0,0.0,1.0,0.0,3676.0,4301.0,172.0,360.0,1.0,0.0,1.0
604,0.0,1.0,1.0,1.0,0.0,12000.0,0.0,496.0,360.0,1.0,1.0,1.0
605,1.0,1.0,0.0,0.0,0.0,2400.0,3800.0,129.0,180.0,1.0,2.0,0.0
606,1.0,1.0,1.0,1.0,0.0,3400.0,2500.0,173.0,360.0,1.0,1.0,1.0
607,1.0,1.0,2.0,0.0,0.0,3987.0,1411.0,157.0,360.0,1.0,0.0,1.0
608,1.0,1.0,0.0,1.0,0.0,3232.0,1950.0,108.0,360.0,1.0,0.0,1.0
609,0.0,0.0,0.0,1.0,0.0,2900.0,0.0,71.0,360.0,1.0,0.0,1.0
610,1.0,1.0,3.0,1.0,0.0,4106.0,0.0,40.0,180.0,1.0,0.0,1.0
611,1.0,1.0,1.0,1.0,0.0,8072.0,240.0,253.0,360.0,1.0,2.0,1.0
612,1.0,1.0,2.0,1.0,0.0,7583.0,0.0,187.0,360.0,1.0,2.0,1.0
613,0.0,0.0,0.0,1.0,1.0,4583.0,0.0,133.0,360.0,0.0,1.0,0.0
614,1.0,1.0,0.0,0.6666666666666666,0.0,3833.0,0.0,110.0,360.0,1.0,0.0,1.0
615,1.0,1.0,2.0,0.0,1.0,6383.0,1000.0,187.0,360.0,1.0,0.0,0.0
616,0.0,0.0,0.0,1.0,0.0,2987.0,0.0,88.0,360.0,0.0,1.0,0.0
617,1.0,1.0,0.0,1.0,1.0,9963.0,0.0,180.0,360.0,1.0,0.0,1.0
618,1.0,1.0,2.0,1.0,0.0,6780.0,0.0,192.0,360.0,1.0,2.0,0.0
619,0.0,0.0,3.0,1.0,0.3333333333333333,416.0,45667.0,350.0,180.0,1.0,2.0,0.0
620,1.0,1.0,0.0,0.0,0.0,3894.0,2792.0,155.0,360.0,1.0,0.0,1.0
621,0.0,0.0,0.0,0.0,1.0,3463.0,0.0,122.0,360.0,1.0,2.0,1.0
622,0.0,0.0,1.0,1.0,0.0,3812.0,0.0,112.0,360.0,1.0,0.0,1.0
623,1.0,1.0,1.0,1.0,0.0,3315.0,0.0,96.0,360.0,1.0,1.0,1.0
624,1.0,1.0,2.0,1.0,0.0,5819.0,6000.0,120.0,360.0,1.0,0.0,1.0
625,1.0,1.0,1.0,0.0,0.0,2510.0,1983.0,140.0,180.0,1.0,2.0,0.0
626,1.0,0.0,0.0,1.0,0.0,2965.0,5701.0,155.0,60.0,1.0,2.0,1.0
627,1.0,1.0,2.0,1.0,1.0,6250.0,1300.0,108.0,360.0,1.0,0.0,1.0
628,1.0,1.0,0.0,0.0,0.0,3406.0,4417.0,123.0,360.0,1.0,1.0,1.0
629,0.0,0.0,0.0,1.0,1.0,6050.0,4333.0,120.0,180.0,1.0,2.0,0.0
630,1.0,1.0,2.0,1.0,0.0,9703.0,0.0,112.0,360.0,1.0,2.0,1.0
631,1.0,1.0,1.0,0.0,0.0,6608.0,0.0,137.0,180.0,1.0,2.0,1.0
632,1.0,1.0,1.0,1.0,0.0,2882.0,1843.0,123.0,480.0,1.0,1.0,0.0
633,1.0,1.0,0.0,1.0,0.0,1809.0,1868.0,90.0,360.0,1.0,2.0,1.0
634,0.0,1.0,0.0,0.0,0.0,1668.0,3890.0,201.0,360.0,0.0,1.0,0.0
635,0.0,0.0,2.0,1.0,0.0,3427.0,0.0,138.0,360.0,1.0,2.0,0.0
636,1.0,0.0,0.0,0.0,1.0,3583.0,2167.0,104.0,360.0,1.0,0.0,1.0
637,1.0,1.0,1.0,0.0,0.0,2661.0,7101.0,279.0,180.0,1.0,1.0,1.0
638,1.0,0.0,0.0,1.0,1.0,18250.0,0.0,192.0,360.0,0.0,2.0,0.0
639,0.0,0.0,3.0,1.0,0.0,3083.0,0.0,255.0,360.0,1.0,0.0,1.0
640,1.0,0.0,0.0,0.0,0.0,6045.0,0.0,115.0,360.0,0.0,0.0,0.0
641,0.0,1.0,3.0,1.0,0.0,6250.0,0.0,94.0,360.0,1.0,2.0,0.0
642,0.0,1.0,0.0,1.0,0.0,2958.0,2900.0,131.0,360.0,1.0,1.0,1.0
643,1.0,1.0,2.0,1.0,0.0,6250.0,5654.0,188.0,180.0,1.0,1.0,1.0
644,1.0,1.0,2.0,0.0,0.0,3273.0,1820.0,81.0,360.0,1.0,2.0,1.0
645,1.0,0.0,0.0,1.0,0.0,4133.0,0.0,122.0,360.0,1.0,1.0,1.0
646,1.0,0.0,0.0,0.0,0.0,3620.0,0.0,25.0,120.0,1.0,1.0,1.0
647,1.0,0.0,0.0,1.0,0.3333333333333333,6782.0,0.0,154.33333333333334,360.0,1.0,2.0,0.0
648,0.0,1.0,0.0,1.0,0.0,2484.0,2302.0,137.0,360.0,1.0,1.0,1.0
649,1.0,1.0,0.0,1.0,0.0,1977.0,997.0,50.0,360.0,1.0,1.0,1.0
650,1.0,1.0,0.0,0.0,0.0,4188.0,0.0,115.0,180.0,1.0,1.0,1.0
651,1.0,1.0,0.0,1.0,0.0,1759.0,3541.0,131.0,360.0,1.0,1.0,1.0
652,1.0,1.0,2.0,0.0,0.0,4288.0,3263.0,133.0,180.0,1.0,2.0,0.0
653,1.0,0.0,0.0,1.0,0.0,4843.0,3806.0,151.0,360.0,1.0,1.0,1.0
654,0.0,1.0,0.3333333333333333,1.0,0.0,13650.0,0.0,293.6666666666667,360.0,1.0,2.0,1.0
655,1.0,1.0,0.0,1.0,0.0,4652.0,3583.0,179.33333333333334,360.0,1.0,1.0,1.0
656,1.0,1.0,1.3333333333333333,1.0,0.0,3816.0,754.0,160.0,360.0,1.0,2.0,1.0
657,1.0,1.0,1.0,1.0,0.0,3052.0,1030.0,100.0,360.0,1.0,2.0,0.0
658,1.0,1.0,2.0,1.0,0.0,11417.0,1126.0,225.0,360.0,1.0,2.0,1.0
659,0.0,0.0,0.0,0.0,0.6666666666666666,7333.0,0.0,120.0,360.0,1.0,0.0,0.0
660,1.0,1.0,2.0,1.0,0.0,3800.0,3600.0,216.0,360.0,0.0,2.0,0.0
661,1.0,1.0,3.0,0.0,0.0,2071.0,754.0,94.0,480.0,1.0,1.0,1.0
662,1.0,0.0,0.0,1.0,1.0,10416.0,0.0,187.0,360.0,0.0,2.0,0.0
663,0.0,1.0,0.0,0.0,1.0,7142.0,0.0,138.0,360.0,1.0,0.0,1.0
664,1.0,0.0,0.0,1.0,0.0,3660.0,5064.0,187.0,360.0,1.0,1.0,1.0
665,1.0,1.0,0.0,1.0,0.0,7901.0,1833.0,180.0,360.0,1.0,0.0,1.0
666,1.0,0.0,3.0,0.0,0.0,4707.0,1993.0,148.0,360.0,1.0,1.0,1.0
667,0.0,0.0,1.0,1.0,0.0,37719.0,0.0,152.0,360.0,1.0,1.0,1.0
668,1.0,1.0,0.0,1.0,0.0,7333.0,8333.0,175.0,300.0,0.6666666666666666,0.0,1.0
669,1.0,1.0,1.0,1.0,1.0,3466.0,1210.0,130.0,360.0,1.0,0.0,1.0
670,1.0,1.0,2.0,0.0,0.0,4652.0,0.0,110.0,360.0,1.0,0.0,1.0
671,1.0,1.0,0.0,1.0,0.0,3539.0,1376.0,55.0,360.0,1.0,0.0,0.0
672,0.0,1.0,2.0,1.0,0.0,3340.0,1710.0,150.0,360.0,0.0,0.0,0.0
673,1.0,0.0,1.0,0.0,1.0,2769.0,1542.0,190.0,360.0,1.0,1.0,0.0
674,1.0,1.0,2.0,0.0,0.0,2309.0,1255.0,125.0,360.0,0.0,0.0,0.0
675,1.0,1.0,2.0,0.0,0.0,1958.0,1456.0,60.0,300.0,0.6666666666666666,2.0,1.0
676,0.0,1.0,0.0,1.0,0.0,3948.0,1733.0,149.0,360.0,0.0,0.0,0.0
677,1.0,1.0,0.0,1.0,0.0,2483.0,2466.0,90.0,180.0,0.0,0.0,1.0
678,1.0,0.0,0.0,1.0,1.0,7085.0,0.0,84.0,360.0,1.0,1.0,1.0
679,1.0,1.0,2.0,1.0,0.0,3859.0,0.0,96.0,360.0,1.0,1.0,1.0
680,0.0,1.0,0.0,1.0,0.0,4301.0,0.0,118.0,360.0,1.0,2.0,1.0
681,1.0,1.0,0.0,1.0,0.0,3708.0,2569.0,173.0,360.0,1.0,2.0,0.0
682,1.0,0.0,2.0,1.0,0.0,4354.0,0.0,136.0,360.0,1.0,0.0,1.0
683,1.0,0.0,0.0,1.0,0.0,5849.0,0.0,138.0,360.0,1.0,2.0,1.0
684,1.0,1.0,1.0,1.0,0.0,4583.0,1508.0,128.0,360.0,1.0,0.0,0.0
685,1.0,1.0,0.0,1.0,1.0,3000.0,0.0,66.0,360.0,1.0,2.0,1.0
686,1.0,1.0,0.0,0.0,0.0,2583.0,2358.0,120.0,360.0,1.0,2.0,1.0
687,1.0,0.0,0.0,1.0,0.0,6000.0,0.0,141.0,360.0,1.0,2.0,1.0
688,1.0,1.0,2.0,1.0,1.0,5417.0,4196.0,267.0,360.0,1.0,2.0,1.0
689,1.0,1.0,0.0,0.0,0.0,2333.0,1516.0,95.0,360.0,1.0,2.0,1.0
690,1.0,1.0,3.0,1.0,0.0,3036.0,2504.0,158.0,360.0,0.0,1.0,0.0
691,1.0,1.0,2.0,1.0,0.0,4006.0,1526.0,168.0,360.0,1.0,2.0,1.0
692,1.0,1.0,1.0,1.0,0.0,12841.0,10968.0,349.0,360.0,1.0,1.0,0.0
693,1.0,1.0,2.0,1.0,0.0,3200.0,700.0,70.0,360.0,1.0,2.0,1.0
694,1.0,1.0,2.0,1.0,0.0,2500.0,1840.0,109.0,360.0,1.0,2.0,1.0
695,1.0,1.0,2.0,1.0,0.0,3073.0,8106.0,200.0,360.0,1.0,2.0,1.0
696,1.0,0.0,0.0,1.0,0.0,1853.0,2840.0,114.0,360.0,1.0,0.0,0.0
697,1.0,1.0,2.0,1.0,0.0,1299.0,1086.0,17.0,120.0,1.0,2.0,1.0
698,1.0,0.0,0.0,1.0,0.0,4950.0,0.0,125.0,360.0,1.0,2.0,1.0
699,1.0,0.0,1.0,0.0,0.0,3596.0,0.0,100.0,240.0,1.0,2.0,1.0
700,0.0,0.0,0.0,1.0,0.0,3510.0,0.0,76.0,360.0,0.0,2.0,0.0
701,1.0,1.0,0.0,0.0,0.0,4887.0,0.0,133.0,360.0,1.0,0.0,0.0
702,1.0,1.0,0.0,1.0,0.3333333333333333,2600.0,3500.0,115.0,300.0,1.0,2.0,1.0
703,1.0,1.0,0.0,0.0,0.0,7660.0,0.0,104.0,360.0,0.0,2.0,0.0
704,1.0,1.0,1.0,1.0,0.0,5955.0,5625.0,315.0,360.0,1.0,2.0,1.0
705,1.0,1.0,0.0,0.0,0.0,2600.0,1911.0,116.0,360.0,0.0,1.0,0.0
706,1.0,1.0,2.0,0.0,0.0,3365.0,1917.0,112.0,360.0,0.0,0.0,0.0
707,1.0,1.0,1.0,1.0,0.0,3717.0,2925.0,151.0,360.0,1.0,1.0,0.0
708,1.0,1.0,0.0,1.0,1.0,9560.0,0.0,191.0,360.0,1.0,1.0,1.0
709,1.0,1.0,0.0,1.0,0.0,2799.0,2253.0,122.0,360.0,1.0,1.0,1.0
710,1.0,1.0,2.0,0.0,0.0,4226.0,1040.0,110.0,360.0,1.0,2.0,1.0
711,1.0,0.0,0.0,0.0,0.0,1442.0,0.0,35.0,360.0,1.0,2.0,0.0
712,0.0,0.0,2.0,1.0,0.3333333333333333,3750.0,2083.0,120.0,360.0,1.0,1.0,1.0
